{"cameraMode":{"drawMode":0,"name":"Shaded","section":"Shading Mode"},"sceneLighting":true,"audioPlay":false,"sceneViewState":{"showFog":true,"showMaterialUpdate":false,"showSkybox":true,"showFlares":true,"showImageEffects":true,"showParticleSystems":true},"in2DMode":false,"pivot":{"x":39.8349609375,"y":61.77840805053711,"z":26.337509155273439},"rotation":{"x":-0.09698638319969177,"y":0.8997015953063965,"z":-0.2550489008426666,"w":-0.34135982394218447},"size":11.139086723327637,"orthographic":false}