{"cameraMode":{"drawMode":0,"name":"Shaded","section":"Shading Mode"},"sceneLighting":true,"audioPlay":false,"sceneViewState":{"showFog":true,"showMaterialUpdate":false,"showSkybox":true,"showFlares":true,"showImageEffects":true,"showParticleSystems":true},"in2DMode":false,"pivot":{"x":15.925098419189454,"y":12.239873886108399,"z":-3.7666099071502687},"rotation":{"x":-0.26479870080947878,"y":0.39075133204460146,"z":-0.11844108253717423,"w":-0.8735997080802918},"size":10.0,"orthographic":false}