{"cameraMode":{"drawMode":0,"name":"Shaded","section":"Shading Mode"},"sceneLighting":true,"audioPlay":false,"sceneViewState":{"showFog":true,"showMaterialUpdate":false,"showSkybox":true,"showFlares":true,"showImageEffects":true,"showParticleSystems":true},"in2DMode":false,"pivot":{"x":0.05701407045125961,"y":0.7106790542602539,"z":-5.534440994262695},"rotation":{"x":-0.24709314107894898,"y":0.13809572160243989,"z":-0.035600822418928149,"w":-0.9584537744522095},"size":10.854043006896973,"orthographic":false}