{"cameraMode":{"drawMode":0,"name":"Shaded","section":"Shading Mode"},"sceneLighting":true,"audioPlay":false,"sceneViewState":{"showFog":true,"showMaterialUpdate":false,"showSkybox":true,"showFlares":true,"showImageEffects":true,"showParticleSystems":true},"in2DMode":false,"pivot":{"x":10.379709243774414,"y":23.109073638916017,"z":-17.413347244262697},"rotation":{"x":-0.022850682958960534,"y":0.8523985743522644,"z":-0.03736288473010063,"w":-0.5210843086242676},"size":6.495523929595947,"orthographic":false}