{"cameraMode":{"drawMode":0,"name":"Shaded","section":"Shading Mode"},"sceneLighting":true,"audioPlay":false,"sceneViewState":{"showFog":true,"showMaterialUpdate":false,"showSkybox":true,"showFlares":true,"showImageEffects":true,"showParticleSystems":true},"in2DMode":false,"pivot":{"x":-6.8939738273620609,"y":9.609402656555176,"z":-0.6567161679267883},"rotation":{"x":-0.2013477236032486,"y":-0.5983717441558838,"z":0.15970303118228913,"w":-0.7593750357627869},"size":0.5902088284492493,"orthographic":false}