{"cameraMode":{"drawMode":0,"name":"Shaded","section":"Shading Mode"},"sceneLighting":true,"audioPlay":false,"sceneViewState":{"showFog":true,"showMaterialUpdate":false,"showSkybox":true,"showFlares":true,"showImageEffects":true,"showParticleSystems":true},"in2DMode":false,"pivot":{"x":10.731929779052735,"y":31.893558502197267,"z":-32.28395080566406},"rotation":{"x":-0.20214799046516419,"y":0.5964346528053284,"z":-0.15853746235370637,"w":-0.760459840297699},"size":38.94411849975586,"orthographic":false}