{"cameraMode":{"drawMode":0,"name":"Shaded","section":"Shading Mode"},"sceneLighting":true,"audioPlay":false,"sceneViewState":{"showFog":true,"showMaterialUpdate":false,"showSkybox":true,"showFlares":true,"showImageEffects":true,"showParticleSystems":true},"in2DMode":false,"pivot":{"x":-31.24666404724121,"y":39.32550048828125,"z":-18.097082138061525},"rotation":{"x":0.40644925832748415,"y":0.30132779479026797,"z":-0.14400368928909303,"w":0.8504941463470459},"size":11.804930686950684,"orthographic":false}