{"cameraMode":{"drawMode":0,"name":"Shaded","section":"Shading Mode"},"sceneLighting":true,"audioPlay":false,"sceneViewState":{"showFog":true,"showMaterialUpdate":false,"showSkybox":true,"showFlares":true,"showImageEffects":true,"showParticleSystems":true},"in2DMode":false,"pivot":{"x":97.3100357055664,"y":-80.17572784423828,"z":189.71286010742188},"rotation":{"x":-0.18009312450885774,"y":-0.22781692445278169,"z":0.043596528470516208,"w":-0.9562530517578125},"size":256.47418212890627,"orthographic":false}