{"cameraMode":{"drawMode":0,"name":"Shaded","section":"Shading Mode"},"sceneLighting":true,"audioPlay":false,"sceneViewState":{"showFog":true,"showMaterialUpdate":false,"showSkybox":true,"showFlares":true,"showImageEffects":true,"showParticleSystems":true},"in2DMode":false,"pivot":{"x":525.6824951171875,"y":293.2225036621094,"z":-10.539944648742676},"rotation":{"x":-0.09022288024425507,"y":0.004399184137582779,"z":0.000038968446460785344,"w":-0.9962902069091797},"size":1279.03857421875,"orthographic":false}