{"cameraMode":{"drawMode":0,"name":"Shaded","section":"Shading Mode"},"sceneLighting":true,"audioPlay":false,"sceneViewState":{"showFog":true,"showMaterialUpdate":false,"showSkybox":true,"showFlares":true,"showImageEffects":true,"showParticleSystems":true},"in2DMode":false,"pivot":{"x":157.8724822998047,"y":31.386499404907228,"z":84.58248138427735},"rotation":{"x":-0.03807981312274933,"y":-0.42250514030456545,"z":0.01845264807343483,"w":-0.9057314991950989},"size":256.47418212890627,"orthographic":false}