{"cameraMode":{"drawMode":0,"name":"Shaded","section":"Shading Mode"},"sceneLighting":true,"audioPlay":false,"sceneViewState":{"showFog":true,"showMaterialUpdate":false,"showSkybox":true,"showFlares":true,"showImageEffects":true,"showParticleSystems":true},"in2DMode":false,"pivot":{"x":6.441022872924805,"y":38.00115203857422,"z":-24.475799560546876},"rotation":{"x":0.09073958545923233,"y":-0.7948983311653137,"z":0.12283332645893097,"w":0.5872640013694763},"size":40.928001403808597,"orthographic":false}